views_2025_jan_nov	title
463669	惠利
441738	惡緣
363644	印度
213344	佛教
194944	無間道
192683	道教
179887	天皇
156635	般若波羅蜜多心經
145094	一一
125887	魔戒
124863	五行
121404	人
120984	四大天王
117819	波斯
116260	金剛經
107566	少林寺
105361	虎
100625	北斗七星
98927	玄奘
89179	自殺
88600	支那
87356	十誡
85464	利智
83698	六道
83481	犬
79908	蛇
75466	雙身法
74711	密宗
73094	恒河
72472	二十八宿
69605	智人
68015	大黑天
64155	大悲咒
59752	白蓮教
58242	耆那教
57592	象
56019	闇
54820	神道
54198	普陀山
53581	楞嚴經
51984	八字
51512	死亡
51472	兔
50892	涅槃
50767	天使
49590	清明
49524	狐
49479	性欲
49394	梵天
49213	瑜伽
48198	愛
45306	舍利
44797	佛
43231	玻璃
43119	淨土宗
42684	酒
42360	第六天魔王
42272	空海
42263	華嚴經
42160	楞嚴咒
42032	法家
41752	道光
41187	三毒
40890	那伽
40716	死海
40301	石女
39300	唐三藏
38657	珊瑚
38156	世界
37314	峨眉山
36955	夢
36890	石榴
36552	夜叉
36459	南無阿彌陀佛
36364	真我
36129	五辛
36002	琥珀
35945	三世佛
35513	龍樹
35133	天台宗
35081	歡喜佛
34492	道
34461	曼荼羅
34247	花
34002	鼠
32926	大法師
32718	西域
32588	龍方
32579	帝釋天
32558	因陀羅
32317	十八羅漢
31721	宗喀巴
31647	日本佛教
31507	電
31268	鬼
31241	危城
31193	甘蔗
30441	孔雀
29474	酆都大帝
29473	精靈
29438	阿鼻地獄
28961	雙魚宮
28601	乳香
28549	神
28469	黑天
28341	羅剎
28066	紙錢
27921	極樂世界
27750	業
27747	鑑真
27542	末法
27116	真言宗
27013	火葬
26732	地獄
26507	琵琶
26266	達賴喇嘛
26173	吉祥天女
26074	逆緣
25302	三猿
25266	教授
25259	吠陀
24823	餘甘子
24735	金剛薩埵
24724	電影
24691	六度
24441	琉璃
24428	無上正等正覺
24424	五戒
24251	四念住
24128	道士
24005	四大菩薩
23900	三法印
23791	異端
23688	海
23629	多羅菩薩
23555	火災
23550	道德
23539	三摩地
23361	文字
23284	梵語
23040	回光返照
23036	寒山寺
22962	睡眠
22514	孔雀明王
22350	伽藍神
22348	兩班
22302	香
22230	聖靈
22175	蛾
21990	天人五衰
21961	天竺
21907	提婆達多
21885	忉利天
21864	布袋和尚
21841	焰
21466	大自在天
21389	薜荔
21298	具足戒
21140	曹洞宗
20944	摩訶迦葉
20891	正念
20653	大千世界
20396	五官
20198	楞伽經
20172	眼
20168	無患子
20063	皈依
20005	祇園
19984	轉世
19899	瑜伽師地論
19600	十大弟子
19564	三身
19493	鬼道
19469	袈裟
19314	辟支佛
19248	衡山
19242	弓
19241	轉輪王
19135	法相宗
18923	粥
18887	香水
18764	如意
18731	饒舌
18656	明教
18595	穢跡金剛
18479	釋迦牟尼
18431	月兔
18368	餓鬼
18145	紅蓮華
17937	四夷
17921	蘊
17867	律師
17763	愛河
17761	雷
17636	作家
17573	辯才天
17544	明王
17473	慧可
17401	明妃
17335	華嚴三聖
17298	十善
17283	神通
17215	金剛手菩薩
17172	十二藥叉大將
17147	護法神
17088	風
17031	十地
16827	天龍八部
16762	三明六通
16729	唵
16726	真空
16670	過去七佛
16663	中士
16642	智顗
16559	善財童子
16550	目犍連
16544	色界
16474	大威德明王
16468	力
16467	謗法
16396	八識
16353	性
16218	分身
16217	烏孫
16184	千手觀音
16155	灌頂
15988	舍利弗
15926	四大部洲
15832	震旦
15646	比丘尼
15598	仁
15529	習
15332	梵
15267	七五三
15195	無量壽經
15095	無我
14974	尸羅
14844	菩提心
14731	維摩詰所說經
14730	喇嘛
14644	月
14578	青鬼
14572	中有
14555	婆羅門
14399	日蓮宗
14335	毒蛇
14278	神秀
14239	牛
14214	普渡眾生
14205	三十七菩提分法
14133	大智度論
14125	八敬法
14110	弘忍
14028	龍心
14014	半夏
14013	禪宗
13993	鬼子母
13990	字母
13976	兜率天
13922	能人
13918	盂蘭盆會
13897	伽藍
13853	禪定
13847	虎丘
13829	我
13814	手印
13809	先生
13781	蓮子
13759	三通
13754	丈夫
13643	根
13612	信仰
13579	比丘
13573	三十二相
13566	道元
13550	五姓
13544	那由他
13522	妄想
13361	陀羅尼
13319	天子
13311	琅琊
13305	黃泉
13290	橋
13163	如來藏
13043	八大地獄
13020	唱名
12905	自然
12900	三教
12811	天魔
12788	金剛
12748	法語
12717	真理
12669	胎藏界
12583	馬頭明王
12574	三藏
12559	淨土真宗
12520	知事
12513	江湖
12358	九色鹿
12311	臨濟宗
12081	善惡
11979	上士
11947	沙門
11934	枉死城
11916	荼吉尼
11889	天
11766	他化自在天
11653	齋戒
11621	五指
11610	不空
11545	智慧
11488	箜篌
11481	戒牒
11449	垓
11409	十一面觀音
11388	光明真言
11347	闡教
11321	慧遠
11281	塞迦
11273	寶生佛
11268	唯色
11267	和尚
11232	六根
11230	我執
11210	湖南
11207	剝皮
11204	康居
11162	按摩
11153	住持
11141	吠舍
11100	四相
11086	無生法忍
11080	緣起
11070	貝葉經
11007	義
10985	塔
10952	四十二章經
10937	理性
10900	鳩摩羅什
10850	畜生
10836	淨琉璃世界
10832	金色
10778	律宗
10740	眾道
10738	獼猴
10519	不淨觀
10497	龍女
10456	共生
10348	八大龍王
10283	七覺支
10244	三色
10243	微
10223	種子
10201	須陀洹
10194	江西
10190	鼓
10177	鏡
10141	阿彌陀經
10133	沙
10098	菩薩戒
10063	結界
10027	雜阿含經
10003	五通神
9994	耳根
9971	五方色
9971	火德星君
9918	果位
9902	文殊菩薩
9893	阿毘達磨
9868	文殊院
9819	角
9802	印度佛教
9775	金剛力士
9743	白衣觀音
9693	色相
9662	僧璨
9644	污染
9642	四攝法
9639	五明
9639	魔
9627	鬼火
9622	黃教
9610	口業
9550	香附子
9548	藥師琉璃光如來本願功德經
9506	六賊
9497	圓寂
9468	法句經
9424	道信
9392	娑羅樹
9360	羅摩
9149	鬼魅
9145	大日經
9130	三乘
9122	欲邪行
9111	念力
9042	欲界
9037	快樂
9029	五大明王
9024	五十二位
8979	點茶
8975	大日如來
8865	十界
8840	智力
8835	如意輪觀音
8834	龍
8824	三惡道
8824	五蓋
8818	非想非非想天
8773	奴婢
8769	多寶塔碑
8733	八難
8725	馬鳴
8722	觀世音菩薩普門品
8705	念珠
8660	最澄
8627	通力
8616	精舍
8595	四梵住
8581	佛祖
8573	五逆罪
8546	修行
8533	情欲
8507	六塵
8490	拘留孫佛
8472	呼圖克圖
8468	月光菩薩
8468	賢劫
8466	星宿
8448	魂魄
8437	三轉法輪
8436	玄關
8395	八音
8389	丹田
8381	大慈恩寺
8337	白骨觀
8312	居士
8297	蘭奢待
8279	禪那
8215	有情
8181	六和塔
8141	宗法
8137	樂天
8102	活佛
8101	妃
8089	十八界
8084	怨靈
8082	阿耆尼
8066	出家
8060	洛陽伽藍記
8047	佛陀
8039	四禪天
8036	喇嘛教
8024	慈悲道場懺法
8014	土葬
8010	摩耶夫人
8001	聖觀音
7926	親鸞
7893	十二天
7880	少康
7857	大白傘蓋佛母
7834	坐禪
7810	波羅提木叉
7799	寶林
7785	尊勝佛頂
7755	寒山
7745	潭柘寺
7738	迴向
7730	阿羅漢
7720	庫倫
7719	一行
7719	七情
7712	阿僧祇
7707	菩薩道
7697	安息香
7691	音樂
7690	火神
7676	加沙
7643	億
7639	白象
7608	金剛山
7558	金剛頂經
7538	龕
7508	即身成佛
7447	光明王
7438	十句觀音經
7424	國寶
7394	密教
7381	如是我聞
7339	大眾部
7335	色欲
7328	化身
7327	點心
7320	曼怛羅
7313	伏藏
7309	毘沙門天
7274	方丈
7254	三六九
7251	吳音
7230	魔王
7227	三學
7227	法身
7219	普賢菩薩
7199	北俱盧洲
7196	識
7171	計都
7163	信度
7142	裙
7141	補特伽羅
7137	三金
7135	真人
7134	蘇利耶
7104	偶像
7104	六識
7090	摩訶般若波羅蜜多
7083	力士
7080	僧伽
7047	心機
7008	妙法蓮華經
6988	肉髻
6984	無
6973	金光明經
6951	卵生
6934	婆羅門教
6913	四生
6905	解深密經
6903	阿修羅
6871	溫室
6865	解脫
6864	淨土
6861	不可思議
6849	五濁
6848	南無
6847	巴利語
6842	公案
6836	斯陀含
6828	天道
6771	厭世
6771	國師
6753	國清寺
6737	阿波羅
6715	王舍城
6712	流沙
6680	藥王菩薩
6653	檀越
6648	絕食
6646	八相成道
6646	牛角
6636	十六羅漢
6632	報身
6615	浮圖
6606	難經
6596	心所
6593	獅子
6576	念佛
6571	油
6568	迦葉佛
6554	五比丘
6550	理論
6540	波旬
6492	馬
6461	僧肇
6434	本尊
6427	輪
6421	阿蘭若
6411	水燈
6402	如意寶珠
6383	胎生
6372	應身
6369	奉行
6363	心智
6359	拘尸那揭羅
6323	摩尼
6295	法藏
6276	五重塔
6275	三界
6274	中觀
6273	老子化胡
6257	無為法
6236	恩海
6234	圓光
6204	輪迴
6171	國王
6166	菩薩
6152	苦行
6149	無記
6142	獅子座
6076	東勝身洲
6073	高昌
6067	降三世明王
6015	馬祖
6000	般若
5985	脅侍
5984	地仙
5952	夫人
5948	長阿含經
5929	蘇摩
5924	罽賓
5918	首陀羅
5913	說一切有部
5880	大律師
5865	六觀音
5850	佛像
5849	高王觀世音經
5847	誠信
5844	明堂
5841	四聖諦
5821	同居
5807	無憂樹
5799	人生
5771	化緣
5753	涅槃經
5728	二諦
5718	五智
5711	法華宗
5701	玉牒
5698	沙彌
5694	因緣
5686	歡喜天
5680	執金剛神
5672	閻浮樹
5669	交割
5669	法界
5655	智永
5645	明
5638	非人
5634	四正勤
5621	成佛
5614	三自性
5613	上座部
5598	宣政院
5579	影
5578	三有
5575	慈悲
5554	高僧傳
5530	傅大士
5514	三阿僧祇劫
5493	心靈
5471	紫姑
5463	根本煩惱
5460	極地
5456	瑜伽經
5451	旃陀羅
5447	護摩
5441	精神
5423	妙喜世界
5419	塵緣
5416	日光菩薩
5394	九曜
5394	惠果
5379	四神足
5377	緣起偈
5374	護身符
5358	娑婆訶
5354	度牒
5349	明度
5348	化生
5342	阿那含
5335	舍衛城
5314	大種
5310	八部眾
5310	銅鈸
5307	合十
5292	放生
5292	舍脂
5282	獅子吼
5279	神我
5267	因果
5265	忌日
5251	大法螺
5235	莊嚴劫
5234	薩迦耶見
5228	頓悟
5226	高祖
5212	曇鸞
5142	南
5133	般涅槃
5126	尼姑
5117	證果
5107	大召
5097	還俗
5083	法器
5083	現在
5080	序
5070	由旬
5069	王舍城結集
5067	四分律
5065	米
5058	執事
5053	優婆塞
5051	大隨求菩薩
5043	須臾
5038	明星
5031	石蜜
4999	行乞
4972	權現
4956	二乘
4955	一佛乘
4937	萬
4934	共相
4934	理趣經
4902	雁
4880	善哉
4878	家家
4865	六畜
4865	月光
4858	法華經
4855	牛頭天王
4845	罪人
4837	理智
4832	五見
4832	黃檗
4828	雲海
4812	理教
4801	四姓
4799	女色
4791	念念
4787	惡
4767	六處
4766	赤鬼
4763	智界
4754	八萬四千法門
4747	表白
4711	尊者
4707	律藏
4692	金剛門
4664	景德傳燈錄
4661	一闡提
4659	羅剎國
4651	彌勒下生經
4640	欲樂
4639	猊下
4632	四智
4630	真諦
4629	摩登伽女
4623	自在
4613	二十七宿
4613	六和敬
4611	一念三千
4596	阮咸
4591	兄弟
4588	阿難
4581	七曜
4577	字
4576	八正道
4572	道宣
4569	示現
4565	悲華經
4558	鹿
4550	九次第定
4546	班禪喇嘛
4546	藍宇
4542	鳩槃荼
4521	華方
4516	奈落
4510	天師
4508	佛性
4507	梵唄
4504	心
4483	陳那
4472	法然
4466	雙持
4450	所知障
4448	頭陀
4446	金剛智
4443	增益
4424	山門
4422	善無畏
4418	名色
4362	摩訶波闍波提
4362	草庵
4361	大乘基
4342	草鞋
4337	世俗
4301	阿摩羅識
4294	富樓那
4294	祥瑞
4286	五種不翻
4276	大梵天
4274	行蘊
4272	曼陀羅
4268	鬼神
4266	七海
4261	芥子
4260	契經
4250	地天
4249	檢校
4244	燃燈佛
4243	雉
4234	三行
4221	迷惑
4216	草堂寺
4207	金剛王
4206	空性
4190	本體
4188	九孔
4188	那落迦
4186	惡魔
4180	悟空
4173	作者
4169	彼岸
4168	甘珠爾
4165	十二分教
4137	出道
4137	軛
4135	梵行
4134	須達多
4132	百法明門
4126	極微
4113	提婆
4106	錫杖
4094	台密
4069	善
4068	號
4062	藥師琉璃光七佛本願功德經
4053	書寫
4053	阿惟越致
4051	四海
4046	法性
4036	聖人
4025	西
4022	如來
4010	三藏法師
4009	道生
3997	秘密
3993	乾闥婆
3992	無始無明
3989	須菩提
3988	世間
3981	石
3955	施無畏印
3935	十如是
3924	加行
3917	父母
3914	二十八部眾
3914	天台山
3913	大秦寺
3906	五部大論
3906	香爐
3896	假色
3891	魚
3884	曲女城
3871	天堂
3865	共命鳥
3859	外道
3832	食堂
3818	西行
3818	解脫道
3815	利益
3810	平等
3808	阿陀那識
3799	劫
3795	擦擦
3793	實叉難陀
3780	十二因緣
3780	迦旃延
3780	門徒
3775	陰
3773	仙
3767	大根
3765	周利槃特
3761	有輪
3755	五味
3755	小乘
3751	法海
3747	陀羅經被
3744	食時五觀
3742	那羅延天
3729	三禮
3723	法王
3720	初夜
3719	無盡意菩薩
3715	十力
3697	華嚴宗
3688	化樂天
3681	聖天
3674	威音王佛
3674	隨煩惱
3672	羅剎女
3666	論藏
3651	里
3644	蛇行
3632	佛土
3623	教判
3616	教會
3614	觀音
3613	空界
3608	三大
3603	禪學
3600	鐘
3588	習氣
3587	見惑
3580	法會
3549	上人
3546	五趣
3534	鐘樓
3526	三尊
3520	上衣
3512	甘露
3512	聲聞乘
3508	珍重
3507	曇無讖
3504	法眼宗
3500	人道
3496	魔界
3489	十二宮
3487	主事
3481	天神
3474	阿吽
3471	開光
3470	菩提
3453	龍神
3439	永劫
3439	無相
3431	陪臚
3428	布薩
3424	分段
3424	姑臧
3422	浴室
3412	香火
3411	靈場
3403	拾得
3403	瞋恚
3400	天尊
3395	鬼門
3392	三淨肉
3388	桓因
3383	首楞嚴三昧經
3382	小品
3381	水葬
3380	法文
3377	真相
3376	見道
3371	行者
3365	不害
3356	北斗
3349	迦樓羅
3343	土地神
3342	三忍
3340	口頭禪
3339	受
3326	釋教
3325	黑白
3323	宗鏡錄
3319	八不中道
3316	女德
3310	增一阿含經
3299	食欲
3297	公
3293	焰摩天
3291	百喻經
3287	信心
3287	吉藏
3281	耶輸陀羅
3280	來世
3275	濟度
3272	意識
3267	肉眼
3267	飛行
3264	犍陀羅
3263	戒尺
3262	水懺
3261	圓相
3260	業力
3258	阿薩多
3253	佛門
3253	波羅夷
3252	金剛手
3250	龜茲
3247	門
3246	緣
3244	善知識
3242	聖妙吉祥真實名經
3240	受戒
3238	無間
3211	奪衣婆
3196	五大
3196	六牙白象
3195	解釋
3189	婆婆
3178	龍王
3177	六十二見
3162	四不壞信
3158	掉舉
3156	善本
3153	水田衣
3151	講座
3149	正法眼藏
3144	太鼓
3141	錫
3134	華
3127	尸棄佛
3126	優婆夷
3125	黃門
3123	僧兵
3120	慧能
3117	玄學
3115	碑
3114	選擇
3108	自業自得
3103	拘薩羅
3097	屍鬼
3092	廁神
3091	無著
3089	金剛杵
3085	塑像
3081	香煙
3079	元曉
3079	報應
3079	遊行
3075	熊耳山
3071	慧思
3071	馬頭觀音
3070	不死甘露
3069	色即是空
3067	義和
3052	真言
3042	八大人覺經
3033	天界
3027	成實論
3022	齋
3019	金剛界
3018	神明
3014	分別說部
3013	勝鬘經
3013	教主
3013	法典
3007	虎跑泉
2999	悉檀
2995	惡鬼
2988	優婆離
2984	改宗
2980	釋名
2978	聖行
2972	大迦葉
2970	九鬼
2968	振鈴
2963	五德
2956	盂蘭經
2946	左
2941	心華
2940	永安
2935	釋
2934	式叉摩那
2922	空
2914	獅子會
2913	邪見
2905	方所
2903	十法界
2901	實相
2898	南山
2894	犢子部
2886	佛滅
2881	金山
2877	相
2873	悉地
2872	班禪額爾德尼
2872	變相
2866	佛眼佛母
2861	八解脫
2840	靈界
2834	中阿含經
2824	天人
2821	日天
2817	魔女
2810	十地經
2807	愛念
2803	法性宗
2803	煩惱
2801	俱舍宗
2797	跪拜
2794	緣覺乘
2793	四無所畏
2793	寶性論
2792	生靈
2792	禪師
2791	九住心
2789	出生
2789	鯨魚
2784	禪杖
2783	輕安
2782	掛單
2778	六氣
2775	鬼子母神
2774	天帝
2769	天主
2767	三障
2765	學徒
2757	中宗
2754	無餘
2743	西河
2741	竹林精舍
2734	碧巖錄
2733	偽經
2729	馬麥
2726	四王
2725	中論
2722	佛經
2722	靈感
2719	素食
2707	佛遺教經
2702	于闐
2701	濕生
2700	無想定
2697	僧殘
2697	道具
2687	冬夜
2686	法
2680	天眼
2672	學生
2668	深沙大將
2660	大衣
2655	經
2654	散華
2647	行人
2641	我見
2628	三衣
2627	行
2626	不死藥
2624	三三昧
2623	伊舍那天
2620	阿奴律陀
2615	寶雲
2612	托塔天王
2605	藥師經
2602	四大
2602	四門遊觀
2597	二障
2591	苜蓿
2585	天狗
2577	真心
2573	龜
2572	羯陵伽
2570	出離
2568	菩提流支
2562	大天
2562	靈隱寺
2561	自性
2555	金雞
2548	授記
2547	唐捐
2545	德生
2545	樓陀羅
2537	摩訶男
2528	飲食
2525	翻譯
2518	名
2517	印光
2517	虎溪三笑
2515	善根
2513	大德
2511	出世間
2506	莊嚴
2499	明道
2498	仙人
2497	福道
2493	八十種好
2484	十誦律
2481	同學
2479	知足
2479	祖師
2478	佛母
2478	坐
2477	隨眠
2476	光明
2475	線索
2471	四書
2469	普曜經
2463	法苑珠林
2459	五根
2459	四方
2441	像法
2439	捨
2439	麗塔
2431	如
2427	順化
2426	鬱金香
2422	內衣
2418	普爾
2413	無間地獄
2413	蒲團
2412	一向宗
2409	閉關
2405	瓶
2405	黑月
2401	大綱
2398	品
2397	月天
2397	無漏法
2394	根機
2379	白道
2374	蘭
2368	牛糞
2365	頻毘娑羅
2360	與願印
2358	釋迦
2355	團拜
2355	文殊
2351	三關
2350	分段生死
2349	有
2348	鸚鵡
2325	色
2321	光宅
2321	誓言
2320	名字
2320	黑衣宰相
2319	除蓋障菩薩
2314	八部
2311	度
2310	僧正
2305	塵
2302	假名
2295	三寶
2294	過去
2293	雪山
2292	往生
2289	成實宗
2284	立法
2283	赤裸裸
2277	六欲天
2273	一切法
2267	經行
2267	菩提樹
2265	通化
2263	日光
2260	須跋陀羅
2253	生生
2252	高峰
2249	性力
2248	大
2246	慧超
2244	四天王天
2241	佛家
2241	大王
2241	相續
2239	方廣
2234	二十二根
2228	肇論
2227	果報
2223	火車
2212	千里駒
2211	硨磲
2210	三昧
2207	功能
2204	彈指
2202	三論宗
2189	四月
2184	毘首羯磨
2184	現量
2184	荼毘
2179	大乘
2177	證明
2174	阿說示
2169	佛足石
2168	天王
2165	摩訶僧祇律
2165	靈堂
2163	摩訶止觀
2162	顯教
2161	虛空
2160	畜生道
2154	富單那
2153	人間
2143	貫休
2142	緊那羅
2138	緣日
2132	地論宗
2126	七星
2118	密嚴經
2118	轉輪聖王
2110	三多
2110	三無漏學
2110	業鏡
2108	夢幻
2108	天女
2107	八大
2105	三魂
2105	心經
2103	牟尼
2102	知識
2101	一切經音義
2101	賢愚經
2095	如夢
2094	生死
2091	十八不共法
2088	摩利支天
2082	信德
2079	多寶塔
2067	孫陀羅難陀
2065	白鶴
2062	小樹
2062	金剛乘
2060	祭文
2059	結生
2056	幡
2055	八無暇
2053	雞足山
2051	結業
2051	緣生
2049	疏勒
2047	思惑
2043	鷲嶺
2042	七財
2041	佛堂
2040	犛牛
2038	大梵天王
2038	戒
2035	數論
2035	般若菩薩
2027	祈雨
2023	餓鬼道
2020	阿闍梨
2018	聽聞
2014	馬師
2008	妙高山
2007	琉璃王
2001	四禮
2001	門跡
1998	解空
1996	使者
1988	義理
1982	信心銘
1982	十戒
1981	迦葉
1979	勝義根
1979	沙彌尼
1972	冥福
1970	家訓
1970	順決擇分
1969	無念
1961	顯宗
1955	蓮
1954	邊見
1937	明珠
1935	法輪
1934	竹園
1929	十住心論
1929	經王
1928	一遍
1927	寶藏
1927	鬼城
1921	心眼
1916	崑崙
1915	四弘誓願
1914	執著
1911	法眼
1911	般若波羅蜜
1911	香姓
1907	女人
1906	五欲
1904	安息
1904	現觀
1892	三會
1892	行森
1888	永明
1887	智囊
1883	戲論
1880	大毘婆沙論
1878	地獄道
1875	明神
1874	鐃
1864	五分法身
1863	佛法
1863	正報
1862	百論
1861	三業
1858	夏
1852	佛所行讚
1852	優婆塞戒經
1847	根本說一切有部
1846	地
1845	內史
1837	世尊
1832	白馬寺
1830	火天
1829	八德
1828	一途
1828	紫金
1827	冥界
1824	剃髮
1818	數
1815	摩利支
1807	稻稈經
1804	秘教
1802	種性
1802	虛空藏菩薩經
1797	阿毘達磨發智論
1796	戒體
1796	等至
1795	五色
1793	五專
1792	耶舍
1790	半斤八兩
1790	軍持
1788	信
1788	安慧
1787	波尼
1785	十事非法
1785	祇園精舍
1784	幽靈
1782	瓔珞本業經
1781	生
1780	投機
1777	脅尊者
1776	四有
1775	三千大千世界
1772	三德
1772	白毫
1769	變易生死
1766	伽陀
1761	舍利子
1759	不見
1758	十六菩薩
1757	奢摩他
1752	圓珍
1750	寺
1748	世親
1746	大士
1746	無表色
1745	上座
1744	作意
1743	十通
1743	藥食
1741	兩部曼荼羅
1735	受持
1734	自說經
1732	天機
1731	無諍三昧
1725	境界
1725	肉身菩薩
1723	在理教
1722	定
1721	佛骨
1720	窺基
1719	徑山
1719	牛皮
1716	六度集經
1716	日蓮
1716	神人
1716	維摩詰經
1714	葬禮
1712	鱉
1708	因明入正理論
1705	空見
1702	以心傳心
1699	月燈三昧經
1698	修道
1698	門神
1697	大慈恩寺三藏法師傳
1696	療痔病經
1696	譯師
1695	水天
1690	大青
1687	譬喻經
1685	中印
1684	犍度
1684	金山寺
1683	五通
1682	苦
1681	毘舍離
1680	勝解
1677	涅槃宗
1674	地居天
1673	行相
1670	殺鬼
1668	監齋使者
1666	南能北秀
1666	空居天
1665	入唐八家
1664	仁王
1664	偏門
1659	弘道
1656	鈸
1653	惡趣
1651	僧侶
1651	塔頭
1650	身毒
1645	羅
1642	化地部
1639	咒
1639	龍宮
1637	般若心經
1635	心病
1635	理
1634	義真
1634	靈芝
1628	光明山
1628	學處
1627	凡夫
1627	惡人
1627	正量部
1625	如來藏經
1624	禪經
1624	蔡
1617	五印度
1613	九難
1613	五分律
1612	羅漢
1608	商那和修
1606	覺悟
1605	十二門論
1602	佛壇
1602	攝論宗
1599	至人
1598	北宗
1598	鉦
1592	酥
1584	飲光部
1580	義天
1580	藥上菩薩
1578	法主
1577	五音
1577	伽
1576	普陀
1576	藿香
1574	雞嶺
1571	水月
1571	法相
1570	白塔
1569	玄宗
1567	襪
1565	因位
1565	慧文
1564	初果
1564	吉利
1564	血脈
1564	行狀
1563	瓦官寺
1563	男女
1555	石頭
1550	破僧
1549	永平
1543	阿含
1542	燈籠
1540	佛陀耶舍
1538	十六大國
1538	雪山部
1537	南宗
1534	正法
1534	見取
1533	聖
1528	四事供養
1528	戒日王
1527	心魔
1525	金剛三昧經
1523	禪門
1522	八邪
1520	樂
1519	布施
1519	法師
1519	龍珠
1516	阿那律
1515	佛祖統紀
1514	後生
1513	寺院
1513	眾生
1513	譬喻師
1512	倩女離魂
1512	纏
1511	三十三天
1510	瑜伽師
1506	不二
1506	四禪八定
1505	元照
1503	僧錄司
1503	貝
1502	絕對
1501	三監
1498	天龍
1497	交點
1497	弗沙佛
1496	遵式
1492	野干
1490	靈異
1489	大師
1489	欲
1484	空門
1482	上方
1481	中道
1481	韋陀
1478	懸衣翁
1477	三苦
1476	贖命
1472	中元
1470	帝須
1470	教化
1467	集會
1466	指
1466	玄德
1462	果果
1461	憍賞彌
1461	波波
1458	五法
1458	圓成實性
1457	贊寧
1456	法照
1455	楞伽
1453	解脫道論
1451	叉手
1451	自然界
1449	天仙
1449	浮塵根
1449	黃龍湯
1448	命根
1448	果
1446	悉曇
1446	西牛貨洲
1443	大命
1442	五逆
1442	宗徒
1441	擬寶珠
1437	三敬
1435	法界緣起
1435	鍵
1434	宿命通
1432	蘇悉地羯羅經
1431	八戒
1430	天眼通
1427	毘婆沙
1426	八苦
1425	講經
1424	阿伽陀
1422	大目犍連
1421	緣覺
1418	俱解脫
1418	肉色
1417	修行道地經
1417	護世者
1415	大日經疏
1414	內心
1411	大輪明王
1411	黃龍
1410	大地
1409	教理
1404	導引
1403	坐禪三昧經
1396	大地法
1396	義學
1395	血
1394	竺佛念
1391	大愛道
1389	依他起性
1389	牟子
1389	非想非非想處
1380	常德
1376	佛語
1375	三科
1371	僧叡
1371	發心
1370	菩提流志
1369	僧伽吒經
1366	成就
1364	仰月點
1364	唯識二十論
1363	僧祐
1363	印可
1362	弘明集
1361	異部宗輪論
1355	理障
1349	法華曼荼羅
1348	無瞋
1341	法名
1340	印
1337	童受
1335	幻
1335	黃龍宗
1334	香山寺
1332	續高僧傳
1329	慧解脫
1329	闡陀
1329	香木
1328	如是語經
1327	雜藏
1326	寶生如來
1324	思益梵天所問經
1322	祖師禪
1320	轉法輪日
1320	阿毘達磨法蘊足論
1315	大顛
1314	大方便佛報恩經
1312	本初
1311	維摩詰
1310	十智
1310	量
1309	香山
1306	四天王
1304	我慢
1302	玉泉
1301	大悲觀音
1299	性戒
1298	轉法輪
1296	想
1293	線香
1292	二王
1292	戒名
1287	多
1287	道昭
1286	晉水
1285	四無量心
1284	義湘
1284	阿
1281	警覺
1279	發智論
1278	三光
1277	矜羯羅
1276	本際
1276	神識
1274	南陽
1274	大寺
1273	般遮羅
1272	惡見
1272	藏
1271	供奉
1271	覺
1269	中天
1269	字母表
1269	智
1269	盂蘭盆經
1266	曇花
1264	經藏
1262	口
1261	宋高僧傳
1261	狗心
1258	大仙
1257	初心
1256	精進
1253	娑羅雙樹
1252	施惠
1250	關帝
1248	七七
1246	五怖畏
1246	飲酒
1245	律法
1244	典客
1244	大海
1244	永生
1243	八聖道
1242	生老病死
1241	十二神將
1239	幻象
1238	命
1237	迦多衍尼子
1236	迦毘羅
1233	他力
1233	裙子
1232	睦州
1230	中洲
1230	忍辱
1228	五臺山
1227	四加行
1220	五輪
1220	十地經論
1220	十殿閻王
1220	四大種
1219	伊
1217	法號
1216	邪婬
1216	邪魔
1215	三類境
1215	佛子
1213	乞丐
1213	阿含部
1209	灶神
1209	解
1207	方便
1206	臘八粥
1204	同行
1204	弘法
1203	放逸
1203	板
1202	頌
1201	轉識
1200	道安
1196	全身舍利
1192	平等王
1191	探題
1190	不動佛
1190	水災
1190	菩提寺
1187	小草
1184	聖儀
1183	浮屠
1182	末田底迦
1178	大通
1177	地藏
1172	慧沼
1169	興渠
1169	長板
1166	砂
1166	衣缽
1165	舍利弗阿毘曇論
1161	沙彌戒
1161	跋提
1159	巴陵
1159	玄朗
1158	醉象
1155	慈恩寺
1155	法身佛
1155	第八識
1149	佛塔
1144	末利夫人
1143	三摩呬多
1143	南部
1143	我相
1141	丈夫國
1138	蓮華藏世界
1137	尋伺
1137	永嘉
1137	禿
1133	伊吾
1133	口訣
1132	內胎
1132	迴諍論
1131	慧皎
1128	譬喻
1126	五色線
1125	藥石
1122	六界
1119	契嵩
1118	真如
1114	藥師
1114	觀世音
1113	寶雲經
1111	見分
1111	道邃
1107	正宗
1104	三十七道品
1104	書記
1101	浮雲
1100	徒弟
1100	轉依
1098	大梵寺
1098	無遮大會
1097	觀音堂
1097	觸穢
1095	阿難陀
1093	理事
1090	制多迦
1090	德華
1089	陀羅尼集經
1088	未來
1085	雜阿毘曇心論
1083	四法印
1083	彌勒
1082	神光
1081	祈禱
1079	五眼
1079	心願
1079	播磨
1079	神女
1077	不空如來藏
1077	往生論
1076	高明寺
1072	教義
1072	本生經
1070	牛頭
1069	羯磨
1069	金人
1068	中壇
1068	判教
1068	青面金剛
1067	三惑
1066	妙音
1063	翳
1062	薜荔多
1062	西天
1059	正定
1059	死
1059	波羅蜜
1057	六天
1056	宋帝王
1055	露地
1054	三時業
1053	一說部
1052	目連
1052	貪狼
1050	九流
1049	湯頭
1049	胡子
1047	南岳
1044	四明山
1044	閃電光
1042	影像
1041	事障
1041	希有
1041	禮拜
1038	慧苑
1035	律
1035	淨人
1034	女人禁制
1033	四大師
1032	得道
1030	兜率內院
1029	道場
1028	梵網經
1028	消災吉祥經
1027	辯才
1026	阿毘曇心論
1021	馬郎婦
1020	梵字
1020	權謀
1020	賢者
1020	食
1017	戒定慧
1017	破和合僧
1016	持戒
1014	毒氣
1012	拘利
1012	本性
1012	阿毘達磨品類足論
1011	僧錄
1011	雞胤部
1011	香味
1009	提舍
1009	西方淨土
1009	說假部
1007	佛陀波利
1004	魔羅
1003	智周
1001	無常經
1001	獨覺
1000	佛國
1000	阿修羅道
998	禪坐
997	染色
996	常樂
996	放生池
994	俱盧舍
992	修多羅
989	淄州
986	毘闍耶
986	阿羅漢果
985	正中
984	空如來藏
983	法網
982	法鼓
981	休屠
978	正見
978	水頭
976	眾賢
976	蛇神
976	陽光
975	覆面
974	五道
974	伊沙
974	唯識
974	木魚
974	起請文
973	慧琳
973	痴
972	寶座
972	濮陽
970	伎藝天女
968	阿夷
966	三分科經
966	花籠
965	參
964	持明
963	天授
960	肉食
958	三和
956	白雲
955	五穀
955	孤山
955	殺
954	大莊嚴論
954	安居
952	閻浮提
951	三聖
951	慧眼
949	意根
948	一燈
948	三世間
948	不放逸
948	儀式
946	沙門果
944	無貪
943	東禪寺
942	三水
942	宗
942	色蘊
940	吉祥天
940	單
940	目支鄰陀
940	禪
940	金剛般若波羅蜜經
940	阿毘達磨順正理論
939	月眉
939	菩薩地持經
939	雙林
938	大梵天王問佛決疑經
937	菩薩藏
937	風鈴
936	周祥
936	惡作
935	比量
933	華表
932	思
932	說轉部
931	楚江王
929	加力
929	四明
928	七佛經
928	大定
928	長老
926	孝順
926	齋食
925	無常
924	七子
924	六結
924	報恩寺
922	前世
922	塔婆
922	瞿曇僧伽提婆
920	智海
920	滅度
917	福林
916	僧官
916	兜沙經
916	滅盡定
915	剃頭
915	德山
915	正教
914	納莫
913	六群比丘
912	阿育王傳
911	光明寺
911	結
910	九華山
910	境
910	西光
909	功德
908	經堂
907	王日休
906	器世間
906	惡露
906	樓
904	三不善根
903	海德
902	法融
902	長者
901	多聞部
899	飛來峰
897	示寂
896	小便
896	打坐
895	法堂
895	銅鑼
893	三明
893	熱病
892	末寺
892	論議
891	羅越
890	檀施
889	孟婆湯
889	牛山
887	心解脫
886	佛成道日
886	經師
884	一枝花
883	闍那崛多
881	一色
881	純真
880	因明
878	珍寶
875	道觀
873	十方
873	四鏡
872	愛心
872	界
872	襪子
870	高士
869	三相
869	大樹
869	阿毘達磨識身足論
868	客塵
868	尸
867	四禪
865	大雄
865	戒律
864	伽耶
864	孝服
864	迦留陀夷
861	寶瓶
861	結跏趺坐
861	觀自在
859	轉化
858	重
858	頭陀行
857	邊界
856	枯木龍吟
856	金龜
855	天人師
854	相好
853	名譽
853	大乘義章
853	大洲
853	弗沙
853	彌薩羅
852	福慶
850	白馬
850	童真
848	永寧
847	正像
847	法事
847	苦海
845	嘉祥寺
845	帝釋
845	榮華
845	藥師琉璃光佛
845	金翅鳥
841	等
839	施食
838	六祖
838	鴿
837	名聲
836	廣照
834	出世
834	醍醐
832	摩訶衍
831	摩訶迦旃延
830	瞿折羅
828	嘉祥
827	拈花微笑
826	罪行
823	三師
820	他心通
820	修羅道
819	心香
818	無餘涅槃
817	本來自性清淨涅槃
817	涌泉
816	成實
815	一會
814	十八地獄
814	感應
814	風災
813	金水
812	福德
810	冥
808	觸
807	西化
806	長夜
804	佛光
804	熒惑星
804	藥師琉璃光如來
804	魚板
804	龍猛
803	釋摩訶衍論
803	雙非
802	鹿車
801	誓約
800	佛果
800	靜琬
798	曇無竭
797	高足
796	照鏡
793	元祖
792	念
789	共不共
789	大林精舍
787	露
786	法蘭
784	無去無來
784	醫王
783	外典
783	惡靈
781	四軛
781	岳林寺
781	菜頭
781	金華
779	一如
778	大乘教
776	化制二教
776	超日王
776	陰持入經
775	鈴
774	有頂天
773	般若佛母
772	法界觀
772	觀察
771	夏安居
771	延慶寺
771	重頌
770	薩埵
769	月支
767	迷情
765	書
765	紹隆
762	居倫
762	煩惱障
761	達嚫
760	長水
759	三定聚
759	中陰
759	大齋
758	普濟寺
758	異生
757	光音天
757	大空
757	波利
756	世
755	白檀
754	末世
754	象教
754	道種智
753	羊角
752	道術
750	九門
749	壽者相
749	浴佛功德經
749	索
748	打包
746	化
744	金針
743	閻羅
742	意
741	兩部神道
739	鴦輸伐摩
738	大論
736	身見
736	開元寺
734	宗門
734	恨
731	閻王
730	仁王經
730	支遁
727	剎那
727	惛沈
726	三大阿僧祇劫
724	入定
724	六舟
724	說出世部
723	賢首宗
721	小王
720	憍陳如
718	三受業
718	二果
718	慧威
718	法門
718	象尊
716	修行方便禪經
716	鄔闍衍那
715	帛尸梨蜜多羅
714	疑
714	真宗
712	五股
711	香城
710	應果
710	江湖集
709	惡業
708	金光明最勝王經
707	制惡見論
707	禪源諸詮集
707	糞掃衣
707	經量部
702	缽
700	茶湯會
700	雲門
699	五塵
699	向上
698	維祇難
698	華蓋
696	摩伽
695	黃龍派
694	十六心
693	大姊
692	五陰
692	金剛部母
690	四德
690	聖賢
690	道服
688	大藏
688	小召
687	修私摩
687	定慧寺
687	長壽王
686	支硎山
685	阿僧祇劫
683	大方廣佛華嚴經
682	普門品
682	流通
681	界尺
679	金口
674	法上部
672	俱胝
672	內院
672	十善戒
669	右手
669	會
668	三性
668	奈河
668	盂蘭盆
667	鳴魚
666	供養
666	智果
665	無量壽佛
664	南三北七
662	三自
660	藥草
660	觀無量壽經
658	四門
658	釋種
657	真實
657	轉
655	曹溪
655	正等正覺
654	單位
653	坊
653	諸行無常
652	仙洞
652	八門
652	求那跋摩
652	金河
651	波耶
651	燒香
650	色法
649	橙子
648	悟道
648	鬼趣
646	聖心
646	覺者
646	邪道
645	慈雲
644	富蘭那迦葉
644	常道
642	文殊師利
641	般若部
641	虎丘山
641	願
640	地壇
639	佛為首迦長者說業報差別經
639	地論師
639	柳枝
639	金剛界曼荼羅
638	那連提耶舍
636	被
636	隨機
634	不信
633	僧
633	燈
632	中峰
631	地水火風
631	宿命
629	佛頂尊
629	斷食
628	卑摩羅叉
628	慈
628	房
626	佛龕
626	打板
626	祈願
625	集諦
624	順解脫分
623	行業
622	八方天
621	未曾有
620	男根
618	十
617	祇洹精舍
616	古德
616	業報
614	業障
613	業餘
613	蘇悉地經
612	命者
612	磬
612	須彌
611	偏執
611	數息觀
610	南洲
610	本事經
607	慧生
607	阿彌陀鼓音聲王陀羅尼經
605	魚子
604	沈香
604	深坑
604	蓮華寺
603	梵志
603	猊座
603	高麗藏
602	千佛
600	大煩惱地法
600	弟子
599	衣
599	黑齒
598	桶頭
598	葛藤
597	應供
595	月氏國
594	道果
593	惡取空
592	壇經
592	淨土十疑論
591	摩訶劫賓那
591	正體
590	佛法僧
589	八王子
589	堅牢地神
589	天部
589	結緣
589	自在天
588	一中
588	佛陀跋陀羅
588	十方世界
585	傍生
584	湛然
583	般若流支
582	印信
582	清辯
582	相似
581	勝義諦
580	貪
580	道諦
578	和社
578	知客
577	父
577	繫
575	乘
575	千手千眼觀音
575	敕命
575	泰山府君
575	羅惹
573	心蓮
573	羅門
569	橋梁
567	世間法
567	味道
567	四等
566	允堪
565	小食
564	伏
564	幢
563	心法
563	自性身
563	蘭若
561	佛祖通載
561	六法
561	悲
561	福報
560	入楞伽經
559	曇摩難提
558	苦諦
556	大族王
556	無垢識
553	法螺
553	道水
553	阿迦奢
552	不空三藏
552	大會
552	當陽
551	冥府
551	右旋
548	檀那
547	四維
547	廁紙
547	老婆
546	三聚
546	四果
546	四重二諦
546	大僧正
546	醍醐灌頂
545	不增不減經
544	應化身
541	旁生
541	黃梅
539	吉祥草
538	法雨寺
538	空宗
538	銘文
536	虛無
535	法利
534	六齋日
534	福田
533	中流
533	給孤獨長者
533	金翅
532	劍山
531	跋
530	根本說一切有部毘奈耶
529	剃刀
529	天耳通
527	四雙八輩
527	窣堵波
526	月壇
526	聖果
525	六入
524	佛陀多羅
524	圓心
524	宗派
524	阿毘曇
524	高僧
523	力生
522	三果
522	佛寶
522	十剎
522	翻譯名義集
522	覺苑
521	亡魂
521	大善地法
520	響
519	三綱
519	大千
518	奇異
518	文理
518	迦尸
517	三密
517	外用
516	外海
515	三結
515	三解脫門
515	異熟識
514	五力
514	般若波羅蜜多
513	宗密
512	鐃鈸
511	自
511	舍勒
510	天親
510	無量門微密持經
508	尼
507	浴佛
507	迷途
506	大樂金剛不空真實三昧耶經般若波羅蜜多理趣釋
506	曹山
506	烏龍
506	馬勝
505	六方
501	蟻
499	孤調
499	觀經
497	二禪天
497	十善業
497	火爐
496	恚怒
495	慧忠
495	我所
494	慧
494	憍薩羅
492	慈恩宗
490	取
490	吉慶
489	中劫
489	六通
489	畫像
489	疑惑
489	證悟
488	不可思議解脫經
487	城隍神
487	大明三藏法數
486	多聞天
486	毘琉璃
485	佛曲
485	合歡
485	慧光
484	常見
483	五藏
483	廣博身如來
481	七寶
481	心一境性
480	閻魔王
480	風天
479	大化
479	戒禁取見
479	月宮
478	三惡趣
478	九品
477	十四無記
476	末田地
475	法夏
475	白蓮
475	論師
474	一品
474	五識
474	六界聚
474	觀心論
473	法寶
473	薄迦梵
472	曼陀
471	寶幢如來
471	聖言
470	乳糜
470	十使
470	波羅奈
468	勝軍地藏
468	阿闍世
467	天弓
467	血海
465	三十六鬼
465	初禪天
465	天壽
465	無量壽觀經
464	初更
464	興盛
464	靜慮
463	五時八教
462	慈恩
462	酆都城
460	七眾
459	八風
459	盆
458	六德
458	那
457	僧伽跋澄
457	十惡
457	覺義
455	金剛幢菩薩
454	能仁
453	虛偽
453	齋堂
451	演說
451	蟲
450	定性
450	觀念
450	龍泉
449	十宗
449	施主
449	發光地
446	忍法
445	修羅
445	心識
445	明心
445	真身
444	普賢行願品
444	菩薩行
443	金剛王菩薩
442	五官王
442	持國天
442	機關
441	正果
439	拔一切業障根本得生淨土陀羅尼
439	有界
439	瞻婆城
438	鵂鶹
437	黑耳
436	五惡見
435	五利使
433	門流
432	鉤
431	五山
431	五香
430	師
430	波羅蜜多
430	遍淨天
429	世俗諦
429	八十八佛
429	有情世間
428	四阿含
428	竺道生
426	木頭
425	趺坐
424	本行經
424	祇樹給孤獨園
424	鬼婆
423	香象
421	密嚴淨土
421	蒙古佛教
420	無畏
419	九品往生
419	摩竭
419	毘尼
419	順正理論
418	加持
418	水波
418	龍藏
417	妙色身如來
417	婦人
417	瘞錢
417	盲
416	大乘經
415	六波羅蜜
415	無慚
415	觀自在王如來
414	隱身
413	太子慕魄經
413	慢
412	一日
412	東司
412	法衣
411	三千界
411	惡道
410	淨宗
410	石門
410	阿育王塔
408	火光
405	七步蛇
405	十纏
405	無邊身菩薩
405	阿蘇
404	假
404	龍興寺
403	摩伽陀
403	當機
402	指環
402	易行道
401	心所法
401	淨名經
400	那先比丘經
400	部多
399	不還果
399	佛性論
399	入
399	出世間法
399	十六天
399	四大洲
399	斷見
397	摩羅
397	街坊
396	婆利
394	作業
394	惡龍
392	僧寶
392	善財
392	阿逸多
391	大禪師
391	永夜
391	法務
391	說法印
390	破相宗
389	機要
389	甘露味論
389	能斷金剛般若波羅蜜多經
389	銅鍱部
388	梵眾天
388	正語
388	毘尼多流支
386	劫簸
386	定光佛
386	疑見
385	三道
385	廣目天
385	菩薩瓔珞本業經
385	親教師
384	咒文
384	家教
384	師子吼
384	第一義諦
384	西藏佛教
383	六境
382	曇摩流支
381	三等
381	唯心
381	總持
381	耆婆
381	觀音經
381	雁塔
381	頻婆娑羅
380	無生忍
380	菴摩羅
380	訶梨跋摩
379	有餘涅槃
378	五鈍使
378	佛舍利
378	聲
378	都市王
377	三夫人
377	慧觀
377	眾聖點記
377	虎溪
376	俱舍
376	寶勝如來
375	牛車
375	空大
374	師子遊戲三昧
374	彌陀
374	正慧
374	行善
374	通
374	道人
373	憂陀那
372	僧伽羅剎
372	工夫
372	色身
371	十二部經
371	無為
371	義山
370	一乘
370	五度
370	降魔杵
369	外相
369	本願
369	歡喜
369	離怖畏如來
368	善業
368	時
368	龍華三會
367	成道
367	法體
366	僧伽跋摩
365	睡
365	義淨
364	毘婆尸佛經
364	法力
364	知
363	普化
363	開會
362	乞食
362	行捨
361	十王
361	拘尸那
361	辮髮
360	僧尼
360	妄語
360	邊執見
360	金杖
360	降伏
359	八道支
359	相對
359	臨濟
358	玄應音義
358	首楞嚴經
357	施
357	根性
355	病魔
355	竺法蘭
354	僧都
354	智度論
354	突吉羅
354	雜心論
353	摩呼洛伽
353	曇無德
353	牛頭禪
353	瓔珞經
353	結縛
353	阿地瞿多
352	迦葉摩騰
351	水月觀音
351	白傘蓋佛頂
350	梵鐘
350	蓮華
349	伐折羅
349	廣博
349	興化
348	極樂
348	法塵
348	祇夜
348	西明寺
347	俗諦
347	出體
347	無憂王
346	賻儀
346	赤色
345	袍服
344	普同塔
343	尊勝陀羅尼
342	火伴
341	小法
340	性命
340	明法
340	遊行經
338	名相
338	義操
338	虛假
338	貝母
337	染污意
334	八分齋戒
334	毘奈耶
334	泥人
334	迦畢試
334	間色
333	信度河
333	袍
333	釋尊
332	三千世界
332	實業
332	波逸提
331	伽羅
330	萬字
329	三天
329	僧伽提婆
329	善生經
329	朝山
329	法布施
329	講演
329	送葬
328	七趣
328	戒取
328	教門
328	明炬
328	智月
327	趙州
327	金沙河
326	五更
326	六凡
326	無漏
325	摩利
325	體
324	安立
324	華藏世界
324	鼓樓
322	智旭
322	本山
322	東山
321	宿根
320	七佛
320	女居士
320	那摩
320	阿那含果
319	數取趣
318	來生
318	偈
318	浮陀跋摩
318	神通力
318	苾芻
317	別解脫戒
317	拜
316	參禪
316	彌陀經
316	持息念
315	半擇迦
315	有漏
315	本覺
315	王法
314	健達縛
314	兩舌
314	十惡業
313	忍辱波羅蜜
313	語錄
313	迦旃延尼子
312	神咒
311	般若理趣經
310	地神
310	幽冥
310	弗若多羅
310	第一結集
309	信度國
309	慈航
309	方等
307	毘舍闍
307	淫欲
307	贍部洲
307	金地
305	半字
305	大悟
305	約法
304	六趣
304	約
303	十隨眠
303	根本說一切有部毘奈耶破僧事
302	喝
301	憍尸迦
301	釋門正統
300	十信
300	隱元
299	佛印
299	僧伽梨
299	十住毘婆沙論
299	章安
299	著
298	五律
298	十住經
298	根本識
298	無學
298	窟外結集
297	一髻羅剎王菩薩
297	我所見
297	有分識
297	無量
297	阿毘達磨俱舍論
295	四證淨
295	西堂
294	法華七喻
293	共依
293	小院
293	應天
293	教
293	白夏
292	五下分結
292	戒經
292	楊文會
292	龍華
291	極光淨天
290	火王
289	安樂
289	慧日
289	摩醯首羅
288	宗師
288	生有
288	魚籃觀音
287	大寶
287	梵身天
287	鹿野
286	毘陵
285	僧祇律
285	彌勒上生經
285	行像
285	行香
285	開敷華王如來
284	八熱地獄
284	登地
283	十二支
281	善趣
281	婆私吒
281	閻羅天子
280	人界
280	德士
280	木叉
280	比丘尼戒
280	藏識
279	招提
278	佛心宗
278	品題
278	山僧
278	楞伽島
278	清源
278	白衣
278	脂那
278	鏡像
277	六地藏
277	番僧
276	寶塔
276	心行
276	性惡
276	法華
276	諸天
275	佛本行經
275	熾盛光如來
275	等引
274	優波提舍
274	長行
274	阿毘達磨藏
273	四界
272	祇陀
272	見
272	迦葉波
270	四無量
270	執持識
270	經部
270	金毘羅
268	勸進
268	吉河
268	彌勒淨土
267	性罪
267	曇摩耶舍
267	開本
266	傳燈錄
266	勝義
266	數珠
266	決定藏論
266	道行般若經
265	四緣
265	法藏比丘
264	合掌
264	禪觀
263	四食
263	大劫
263	止
262	梁皇懺
260	先達
260	化現
259	八菩薩
259	正思惟
259	行願
259	速成
258	如意珠
258	瞋
256	北山住部
256	智首
255	三十二大人相
255	色光
254	三點
254	下界
254	兜率
254	遷化
253	傳戒
253	式叉摩尼
253	空界色
253	總制院
253	腰線
253	鈴聲比丘
252	雜染
251	死屍
251	鎮守
250	方相
250	正命
249	勤策
249	求那毘地
249	相分
249	郝
248	前生
248	月光太子
248	瓶沙王
248	藥師三尊
247	內法
247	舌根
247	逆流
246	人身
246	六大
246	歸依
245	大吉祥變菩薩
244	橫死
243	諸法無我
243	阿若憍陳如
242	仰山
242	寄附
242	恒水
242	海珠
242	等持
241	佛身
241	曇摩伽陀耶舍
241	業道
241	見取見
241	諸法皆空
241	軌範師
240	性善
240	道法
239	寶山
239	所司
239	正業
239	源空
239	異熟
239	調達
238	焰慧地
238	真如實相
238	逝多林
237	生死輪
237	笈多
236	大輪金剛
236	室羅筏
235	全威
235	有支
235	有部
235	河沙
234	慧根
234	摩登
233	十道
233	意處
233	法密部
233	現觀邊
232	佛事
232	大菩薩
232	延壽
232	省庵
231	六法戒
231	法要
230	不空成就如來
230	人趣
230	勸請
230	大統
230	妙覺
230	維摩
230	羼提
230	阿那婆達多龍王
230	降魔
229	室利
229	心性
229	浮木
229	眠
228	佛具
228	南天
228	大毘盧遮那成佛神變加持經
227	解夏
226	靈鷲山
225	八不淨
225	夜摩
225	根器
225	菩提分法
224	寶螺
224	廚
224	波斯匿
224	阿育
223	定妃
223	悔
223	戒珠寺
222	劫比羅
221	五上分結
221	大日宗
221	至理
221	頻那夜迦
220	八齋戒
220	名身
220	大賢
220	準提
219	金光
218	不動點
218	愚痴
218	摩竭陀
218	支謙
218	方等經
217	琰魔
217	生經
216	利他
216	絡子
214	光寶
214	天趣
214	跋闍
214	須彌座
213	乾城
213	攝摩騰
212	三具足
212	五果
212	妙善公主
212	杜順
212	菩薩戒經
211	依止
211	智拳印
211	曹洞
211	禪林
210	僧會司
210	國一
210	家狗
209	墳
209	崇信
209	烏臼
209	西域記
209	鄔波遮盧
208	專心
208	旃檀
208	百丈清規
207	支提
206	四聖
206	慈嚴
205	八犍度論
205	台道
205	左溪
205	德田
205	無常想
205	白林
205	記
205	賽錢
204	四梵行
204	安般
204	念經
204	朝參
204	隨轉
204	首楞嚴三昧
203	懺
203	阿賴耶
202	一山
202	乾沓婆
202	僧統
202	摩偷羅
202	智門
202	第一義
201	十波羅蜜
201	四攝事
201	密法
201	祇陀林
201	種子識
200	欲取
200	省常
199	增長天
199	神變
199	般泥洹
198	毘缽舍那
198	相宗
197	七有
197	僧佉
197	本教
197	淨信
196	奢搦迦
196	寶篋印塔
196	苾芻尼
195	秘密乘
194	摩訶般若波羅蜜
194	死苦
194	金剛藏菩薩
194	麈尾
193	添品妙法蓮華經
193	記別
193	阿練若
192	寶藏天女
192	性德
192	正行
192	焚香
192	隨緣
192	離垢地
191	不可思議經
191	十界曼荼羅
191	奈河橋
191	毘沙門
190	心神
190	青原
189	佛般泥洹經
189	北七
189	法雲地
188	句身
188	毘提訶
188	鐵樹
187	二十天
187	執金剛
187	明行足
187	阿那律陀
186	首楞嚴
185	伊舍那
185	便利
185	准胝觀音
184	大明白身菩薩
184	普賢經
184	羅網
183	丹霞
183	大勢至
183	如意輪菩薩
183	本相
183	漏盡
182	四正斷
181	六行
181	幻人
181	廣嚴城
181	瞿曇般若流支
180	四取
180	滅受想定
180	阿笈摩
180	預流果
179	偷蘭遮
179	勢至
179	唯識觀
179	方等部
179	藕益
179	蘊處界
179	高僧法顯傳
178	無量光佛
178	迦利
177	戒本
176	寶
176	牟呼栗多
175	五具足
175	天香
175	毘俱胝觀音
174	一來果
174	大和尚
174	阿彌陀三尊
173	央掘摩羅
173	曼殊
173	毘曇宗
173	海龍王
173	禪源諸詮集都序
173	行腳僧
173	補陀落
172	寶篋印陀羅尼
172	法護部
172	火舍
172	無量壽如來
172	證道
171	大不善地法
171	般泥洹經
171	金剛頂一切如來真實攝大乘現證大教王經
171	阿毘曇毘婆沙論
170	化法四教
170	尼陀那
170	提婆達兜
170	頭陀十八物
169	阿毘曇八犍度論
169	齋會
168	欠
168	追薦
167	姑蘇
167	普法
167	虛空藏經
166	五結
166	十八部論
166	愛火
166	瑜伽宗
166	邊際
165	分別識
165	捨受
165	計
164	性空
164	蓋
163	句
163	弗沙蜜多羅
163	普陀洛伽山
163	殑伽沙
163	百法明門論
163	難
163	須陀洹果
162	觀普賢經
161	善逝
161	大本
161	無量印法門經
161	禪法
161	阿濕波
160	四念處觀
160	契此
160	部執異論
159	主宰
159	乾陀羅
159	僧綱司
159	彌沙塞
159	貪欲蓋
158	十六
158	參詣
158	四不壞淨
158	揭路荼
158	泥洹
158	集解
156	憨山
156	末闡提
156	貪著
155	慈悲水懺法
154	十度
154	施設
154	西天二十八祖
154	阿恕伽
153	伽他
153	冥思
153	四洲
153	摩訶提婆
153	自在天外道
151	外空
151	天童
150	優波鞠多
150	末那
150	涅槃佛
150	草木
150	閻曼德迦
149	杜多
149	深密解脫經
149	菩薩摩訶薩
148	近事
147	大迦多衍那
147	江天寺
147	鞞婆沙論
146	三三摩地
146	天眾
146	實
146	波若
145	六因
145	密咒
145	案達羅
144	四結
144	建志補羅
144	本源
143	十六行相
143	四王天
143	如來禪
143	摩訶薩
143	菩提薩埵
142	烏波
141	兩非
141	心地觀經
141	白膠香
141	鄔波斯迦
140	五祖
140	娑婆
140	慶喜
140	欣
139	制多山部
139	給孤獨園
138	優婆提舍
138	大眾
138	持明院
137	七菩提分
136	不還
136	四如意足
136	心地
136	法住
136	華嚴
135	拂子
135	曼殊室利
134	彌沙塞部和醯五分律
134	見地
134	音聲
133	康僧會
133	梵摩
132	三藏法數
132	四月八日
132	密印
132	薩婆多部
131	世主
131	塞建陀
131	空即是色
131	聖天菩薩
131	阿摩晝經
130	世第一法
130	唄匿
130	四土
130	天帝釋
129	善世院
129	箭道
129	莊嚴論
128	佛歡喜日
128	應報
127	南天竺
127	女根
127	道品
127	震動
126	三摩提
126	劫比羅國
126	彌沙塞部
125	九結
125	功用
123	天鼓雷音佛
123	迦旃延子
122	定業
122	持金剛
122	教院
122	發菩提心
121	不法
121	了本生死經
121	大羅漢
121	法幢
121	舍利塔
121	辯天
121	阿鞞跋致
120	化城
120	現法樂住
119	人寶
119	大願
119	般遮于瑟
118	不老不死
118	大生義經
118	富婁沙富羅
118	曇摩
118	標幟
118	葉衣觀音
118	遍行因
118	開權顯實
117	煖法
116	僧自恣日
116	到彼岸
116	和合二聖
116	大迦旃延
116	檀
116	諷頌
114	冥加
114	坐夏
114	枯木
114	波羅市迦
114	闍維
113	妙吉祥
113	降世
112	摩訶僧祇
112	薄地
112	雲版
111	僧伽婆尸沙
111	賢豆
110	供燈
110	善見律
110	小機
110	延命地藏
109	三十三觀音
109	中道宗
109	廁
109	曠野城
108	五教
108	釋提桓因
107	品類足論
107	大莊嚴經論
106	一智
106	二十五菩薩
106	優曇婆邏經
106	四阿鋡暮抄解
106	大方等如來藏經
106	天台大師
106	摩訶拘絺羅
106	眾事分阿毘曇論
106	迦膩色伽
105	觀彌勒上生經
104	四意斷
104	法句譬喻經
104	直道
103	位牌
103	散陀那經
103	融通
103	阿修羅王
102	南山三教
101	化儀四教
101	四瀑流
101	大信
101	無上正等覺
100	五無間罪
100	座
100	水精
100	頂法
99	不生不滅
99	定根
99	義通
97	三皈
97	三銖
97	師子
97	阿毘達磨俱舍釋論
96	文殊般若經
96	樂變化天
96	納衣
95	七覺
95	喜根
95	大聖歡喜天
95	阿字
95	離欲地
94	一切種識
94	沙羅雙樹
94	高王觀音經
93	七大
93	四法界
93	清淨法界
92	教化地獄經
92	鄔波索迦
91	三塗
91	劫數
91	四法界觀
91	大力金剛
91	瞻博
91	過去莊嚴劫
90	室羅摩拏理迦
90	教令輪身
90	鳩摩羅陀
89	三迦葉
89	說因部
89	質多羅
88	喻
88	寂志果經
88	樂根
87	仙城
87	式叉摩那尼
87	波夜提
87	瞿曇留支
87	車匿
86	七佛父母姓字經
86	僧正司
86	歸人
86	釣鐘
85	三千
85	佛頂最勝陀羅尼經
85	文尼
84	四山
84	性具
84	虛空庫菩薩
83	不蘭迦葉
83	天眼明
83	貫首
82	楊葉
82	歌詠
82	法域
82	真覺寺
81	宿命明
81	荏
81	道一
80	匡山
79	不真宗
79	佛位
79	實教
79	迦維羅衛
78	大利
78	清涼國師
78	白月
77	羯荼
77	迦陵
76	阿羅
75	台教
75	室羅摩拏洛迦
75	無動佛
75	西尼
74	尼犍子
74	空色
73	悟入
73	毘佛略
73	毘耶離
71	捨墮
71	身心
70	一切經
70	不動地
69	毘婆沙師
68	悟
68	無盡意
67	上堂
67	須摩提
66	上首
66	漏盡明
65	毘俱胝菩薩
65	辨才天
64	阿利耶
63	俱緣果
63	南泉
63	瞻波
62	不退
62	滅定
62	開悟
61	先輩
61	唐生
61	四悉檀
61	念佛觀
60	敕修百丈清規
60	雨花
59	玉佛
58	灰人
57	摩訶般若波羅蜜大明咒經
56	阿僧企耶
55	信行
55	十一生類
55	噁
55	天神地祇
54	安那般那
54	祅教
54	萬法
53	五部
53	俱絺羅
53	禪道
52	四明尊者
52	阿那波那
50	聖明
48	經律
47	五衰
47	十善業道
46	遺跡
45	最勝王經
45	毘曇
45	潤生
44	華梵
43	世雄
43	若那
43	輪王
43	阿鼻
42	如如
42	荊溪
42	迦多衍那
41	三根
41	無盡燈
41	自性三寶
41	設利羅
41	鐘頭
40	大光普照觀音
40	左行
40	慈氏
40	智慧山
40	金流
39	不動明王
39	四部弟子
39	正法明如來
39	行教
38	一寧
38	寂照
37	儒童
37	拔舌地獄
37	法喜
36	四菩薩
36	明證
36	那吒
35	無二平等最上瑜伽大教王經
35	螺溪
35	釋志磐
34	二道
34	入寂
34	普度
34	歡喜地
34	甄叔迦
33	三尊佛
33	十生
33	尋
33	心海
33	救世
33	本寺
32	一生補處
32	摩騰
32	明慧
32	死后
32	理門論
32	萬善
31	十二有支
31	四波羅夷
30	伽藍堂
30	山家
30	教外別傳
29	七七忌
28	曇花一現
28	法智
28	般剌蜜帝
28	藥叉
27	仰
27	東流
27	車軸
27	雪隱
26	七佛通戒偈
26	夢想
26	大聖
26	摩訶目犍連
26	烏萇
26	聖法
26	般若湯
26	院
25	二十二品
25	十六觀
25	十重戒
25	正觀
25	泥犁
25	真明
25	迦
24	下忍
24	菴摩羅識
24	長阿含十報法經
24	青頸觀自在菩薩
23	信佛功德經
23	八相示現
23	初江王
23	咦
23	善現
23	大乘起信論
23	天愛
23	寶幢
23	師祖
23	末那識
23	梵書
23	發思巴
22	供物
22	四無畏
22	大拘絺那
22	布施波羅蜜
22	微妙
22	法身偈
22	竺
22	經典
21	濫波
21	空生
21	舜若多
21	黃葉
20	一光三尊
20	十八重地獄
20	善慧地
20	四智心品
20	女情
20	安清
20	迷津
20	關
19	佛界
19	敬禮
19	月鼠
19	本質
18	六波羅蜜經
18	宴坐
18	小本
18	彥達縛
18	甘丹
18	論
18	迦陵伽
18	鄰虛
18	香印
18	魔波旬
17	和光同塵
17	悲願
17	探頭
17	毘那夜迦
17	神根
17	韋紐天
16	乳木
16	化境
16	壽命
16	宏智
16	宿緣
16	意見
16	愛流
16	摩迦
16	法執
16	白衣金幢二婆羅門緣起經
16	羯若鞠闍
16	臘八
16	蠕動
16	遠行地
16	震多末尼
16	龍湯
15	優曇華
15	大三摩惹經
15	底沙
15	應量器
15	白佛
15	見閻王
15	開三顯一
15	香神
15	鳩摩羅
14	三目
14	不殺生戒
14	八中洲
14	八波羅夷
14	十波羅夷
14	吉遮
14	四分
14	四十八願
14	女天
14	木患子
14	本坊
14	樂音
14	無明
14	無色天
14	白蓮社
14	精氣
14	般若經
14	講師
14	變化
14	通利
14	雞毒
14	難勝地
13	三觀
13	善導
13	喜林苑
13	大堅固婆羅門緣起經
13	屈支
13	念死
13	性宗
13	惡性
13	拖泥帶水
13	業種
13	權
13	清規
13	薰陸香
13	食時
12	不悅
12	五無間業
12	六味
12	大吉祥天
12	大藏經
12	大阿羅漢
12	尸利
12	彌陀三尊
12	愚夫
12	手爐
12	東密
12	椎
12	清淨
12	灌佛會
12	火頭金剛
12	無知
12	現前地
12	理秘密教
12	相續心
12	禪定波羅蜜
12	秘密教
12	缽多羅
12	聲聞
12	裸形外道
12	辟支
12	鄰虛塵
12	長命燈
12	雲棲
11	付法八祖
11	八背捨
11	十六觀經
11	學
11	寶珠
11	寶髻佛
11	小界
11	從義
11	意馬
11	持戒波羅蜜
11	教相
11	東嶽
11	林微尼
11	煩惱習
11	真言乘
11	菴羅
11	迦藍
11	鐵塔
11	難陀
11	麼
10	五燈會元
10	佛器
10	六師
10	制教
10	勝友
10	參寥子
10	名數
10	唯識中道宗
10	唯識論
10	婆伽梵
10	庵室
10	憍陳那
10	懺悔
10	攝大乘論
10	橫
10	毛道
10	法顯
10	瀉藥
10	無量清淨佛
10	護法
10	迦羅
10	都率天
10	金剛頂宗
9	伽耶迦葉
9	佛圖澄
9	優曇
9	優曇缽
9	十報法經
9	受記
9	善逝子
9	四天下
9	四微
9	四諦
9	婆樓那
9	尼犍
9	布怛那
9	拘瑟恥羅
9	正理門論
9	歸俗
9	殑伽
9	法電
9	消滅
9	烏曇跋羅
9	甘露滅
9	竺法護
9	迦陵頻伽
9	閼伽
9	須大拏
9	鶴林
9	鼻那夜
8	三十七分法
8	三階教
8	傍生趣
8	八龍王
8	卑帝梨耶
8	商羯羅天
8	善吉
8	四弘誓
8	因緣生
8	圓覺經
8	大相國寺
8	婆伽婆
8	尸迦羅越六方禮經
8	慈恩傳
8	懷素
8	毛道凡夫
8	水鶴
8	淨飯王
8	瑜伽密宗
8	皮衣
8	興行
8	觀
8	質帝
8	轉法輪經
8	轉法輪經論
8	那提迦葉
8	長明燈
8	靈山
7	三門
7	乾沓和
7	俱舍論
7	偈頌
7	剎帝利
7	卑帝利
7	奧
7	常求利
7	常瞿利童女
7	底栗車
7	應
7	智儼
7	柴頭
7	治國天
7	法門寺
7	烏
7	無色界
7	無門關
7	瓔珞
7	畜生趣
7	睹史多天
7	精進波羅蜜
7	興瞿
7	超八
7	鐵牛
7	阿蘭那
7	降臨
7	離喜妙樂地
7	香音神
6	佛頂尊勝陀羅尼經
6	俱吠羅
6	化教
6	天宮
6	婆羅必栗託仡那
6	密跡
6	布刺拏
6	應頌
6	懷感
6	授決
6	提頭賴吒
6	明樓
6	森羅萬象
6	毘濕飯怛囉
6	波栗濕縛
6	泥梨
6	清淨識
6	滅種
6	發願
6	童女迦葉
6	赤旃檀
6	迦旃子
6	開化
6	雨花臺
5	三從
5	僧伽藍
5	僧伽藍摩
5	優曇婆羅
5	利劍
5	南嶽
5	密跡士
5	廣大
5	廣弘明集
5	引導
5	戒取見
5	拘鄰
5	持蓮觀音
5	掘具羅
5	摩訶般若波羅蜜經釋論
5	木馬
5	東序
5	殺生
5	毘輸安呾囉
5	烏芻澀摩
5	獄卒
5	神醫
5	聖觀自在菩薩
5	脫闍
5	藥王
5	蘇達拏
5	虛舟
5	開士
5	阿婆盧吉低舍婆羅
5	阿縛盧枳低濕伐邏
5	鞞尼迦
4	五蘊
4	優曇波羅
4	四無礙辯
4	孽鏡臺
4	密嚴國
4	平等性智
4	廁簡子
4	恒河沙
4	成唯識論
4	摩突羅
4	摩醯邏矩羅
4	有餘依涅槃
4	無量義經
4	獸主
4	竺葉摩騰
4	虛空孕
4	電光石火
4	音義
3	一門
3	三昧耶戒
3	五停心觀
3	佛部
3	修習止觀坐禪法要
3	八大菩薩
3	八達
3	十齋日
3	寂音尊者
3	寶蓋
3	必栗託仡那
3	慧琳音義
3	戒壇
3	敕修清規
3	時宗
3	毒藥
3	毘紐笯
3	決定
3	滿怛羅
3	烏樞瑟摩
3	無住處涅槃
3	真知
3	純一
3	維摩經
3	聞思修
3	菩提薩埵摩訶薩埵
3	華天
3	菴沒羅
3	蓮座
3	藥山
3	蘇陀沙拏
3	許可
3	譯
3	都會
3	金剛壽命陀羅尼念誦法
3	開山
3	阿蘭若迦
3	魯達羅
2	一切智無所畏
2	三密加持
2	三生
2	三論
2	五十種無著無縛解脫回向
2	五生
2	人鳥
2	佛日
2	光明懺
2	八勝處
2	八大丈夫
2	八色幡
2	南頓北漸
2	古今譯經圖紀
2	唯識無境
2	商量
2	善神
2	喜樂
2	嘉會
2	四料簡
2	因
2	圓測
2	大吉祥天女十二契一百八名無垢大乘經
2	大周刊定眾經目錄
2	大門
2	大魚
2	安底羅
2	客位
2	密室
2	尼法師
2	崑崙舶
2	式叉
2	得
2	應病與藥
2	捨念清淨地
2	柯羅
2	業成
2	機
2	止觀
2	法定
2	法性寺
2	法服
2	法樂
2	清揚
2	珠
2	直裰
2	相續常
2	知禮
2	破戒
2	磋
2	緇衣
2	臨終
2	菩薩乘
2	蔡華
2	親友
2	觀自在菩薩如意輪瑜伽
2	講宗
2	通途
2	金剛線
2	金剛鈴
2	金磬
2	鈔
2	開善寺
2	集異門論
2	雙流
2	雜寶藏經
2	龍華會
2	龍鬚
1	一字頂輪王經
1	一家
1	一寶
1	一念
1	一根
1	一真法界
1	一願建立
1	七識住
1	三世無障礙智戒
1	三佛
1	三印
1	三善根
1	三妙行
1	三思
1	三摩呾吒
1	三疑
1	三論玄義
1	三輪
1	三輪身
1	不退轉
1	中千世界
1	九字
1	九有
1	九無學
1	二童子
1	二轉
1	五千五百佛名神咒除障滅罪經
1	五壇法
1	五眾
1	五葷
1	人鬼
1	付法藏因緣傳
1	以血洗血
1	伊蒲塞
1	伊闕佛龕
1	伽耶山
1	伽那
1	佉
1	佛本行集經
1	佛陀扇多
1	佛頂放無垢光明入普門觀察一切如來心陀羅尼經
1	使
1	侍者
1	供具
1	修法
1	修生
1	偏教
1	偷盜
1	僧護
1	儀軌
1	優波離
1	優缽羅華
1	入定作論
1	入我我入
1	內記
1	八城經
1	八教
1	八正道經
1	六神通
1	六震
1	具支灌頂十支
1	具足
1	典賓
1	分別功德論
1	勘破
1	十七地論
1	十八泥犁經
1	十八聲
1	十力迦葉
1	十夜
1	十夜念佛
1	十種佛
1	十種神力
1	千手千眼
1	參同契
1	同分
1	同心結
1	名望
1	味塵
1	咒三首經
1	商羯羅
1	善世
1	善人禪
1	善心
1	四念處
1	四眾
1	四種國土
1	四種檀法
1	四識住
1	因果應報
1	圓教
1	圓滿
1	圓行
1	地藏菩薩儀軌
1	坐堂
1	增長
1	壇
1	大唐內典錄
1	大圓鏡智
1	大悲經
1	大方廣入如來智德不思議經
1	大水火
1	大法炬陀羅尼經
1	大般若經
1	大隨求陀羅尼
1	天根
1	奇妙
1	奈利
1	女人結界
1	如來方便善巧咒經
1	如意通
1	妙喜
1	妙行
1	婆尼
1	婆羅
1	安立三昧
1	室利邏多
1	寂靜
1	寂靜行
1	密教結界法
1	密林山部
1	寶樹
1	寺主
1	小妄語戒
1	小止觀
1	師子尊者
1	常光
1	常行三昧
1	廣大寶樓閣善住秘密陀羅尼經
1	延年
1	引入
1	彥悰
1	律儀
1	後世
1	後念
1	後際
1	得度
1	得益分
1	微聚
1	心受
1	心咒
1	心心
1	心念法
1	心想
1	忍
1	忿
1	性起
1	怨憎會苦
1	恩河
1	悉曇章
1	惡報
1	愛別離苦
1	愛眼
1	慧海
1	成唯識論述記
1	拔濟苦難陀羅尼經
1	掌中論
1	提綱
1	提調
1	救面然餓鬼陀羅尼神咒經
1	散
1	文殊師利問經
1	方等泥洹經
1	施一切無畏菩薩
1	智炬陀羅尼經
1	智藏
1	暖簾
1	最上大乘金剛大教寶王經
1	未曾有經
1	未至定
1	本地
1	本起經
1	東山法門
1	東陽
1	染
1	根本說一切有部毘奈耶雜事
1	根本說一切有部百一羯磨
1	根緣
1	梵王
1	梵經臺
1	業感緣起
1	檀家
1	正直
1	毒箭
1	毘盧
1	毘舍佉
1	求不得苦
1	求生
1	法位
1	法僧
1	法我
1	法救
1	法教
1	法本
1	法船
1	法苑
1	法華玄論
1	法雲
1	活
1	流轉
1	海潮音
1	淨口業真言
1	淨土境觀要門
1	清白
1	溈仰宗
1	滅
1	滿願
1	濡首菩薩無上清淨分衛經
1	火狗
1	火辨
1	烏芻沙摩尊形
1	烏荼
1	無愛
1	無明結
1	無生智
1	無盡意菩薩經
1	無邊
1	燈頭
1	爪淨
1	獻身
1	現行
1	現行法
1	理法界
1	瑜伽大教王經
1	生苦
1	甲馬
1	畢舍遮
1	異熟果
1	痴迷
1	瘡
1	百丈
1	相待妙
1	相應
1	眷屬
1	眾法
1	瞿沙
1	瞿默
1	矢石
1	破正命
1	磨滅
1	示教
1	福因
1	福祿
1	科儀
1	空心
1	空無
1	經法
1	緣性自性
1	緣覺菩提
1	緣起經
1	續古今譯經圖紀
1	羅剎天
1	義林章
1	義足經
1	聖典
1	聖智
1	聖道
1	聲明
1	肉身
1	胎息
1	自力
1	自覺
1	般舟三昧
1	苦言
1	茶頭
1	菩提心論
1	菩薩瓔珞經
1	萬福寺
1	落飾
1	薰習
1	藏司
1	螺髻梵王
1	蟻喻經
1	血盆經
1	行信
1	行滿
1	西山住部
1	見性
1	覺山
1	觀佛三昧海經
1	觀佛三昧經
1	觀音玄義
1	解脫戒經
1	計都末底
1	調伏天
1	警策
1	讚
1	貞元新定釋教目錄
1	賢冑部
1	賢愚因緣經
1	超越三昧
1	身密
1	身觀經
1	輪圓具足
1	近分定
1	迦摩縷波
1	過去現在因果經
1	道智
1	道次
1	達磨
1	邏
1	那爛陀
1	釋家
1	金剛峰樓閣一切瑜伽瑜祇經
1	金剛愛菩薩
1	金剛王菩薩秘密念誦儀軌
1	金剛般若波羅蜜經論
1	金剛針論
1	金剛頂瑜伽中發阿耨多羅三藐三菩提心論
1	金身
1	金輪
1	鐵圍山
1	長生
1	閱藏知津
1	阿差末菩薩經
1	阿彌陀
1	阿彌陀講
1	阿毘曇心論經
1	阿羅漢具德經
1	阿難陀補羅國
1	阿鳩留經
1	阿點婆翅羅國
1	隱密
1	集會所
1	離垢
1	雲水
1	青蓮
1	頂生王
1	頂相
1	須跋陀
1	頭光
1	香室
1	香案
1	香象菩薩
1	馬主
1	高座
1	高貴
1	鸚鵡經
1	麻頭
1	黃檗宗
1	齋月
1	龍子
1	龍樹本跡
1	龍樹菩薩傳
1	龍華寺
0	一切種智
0	一味
0	一水四見
0	一行三昧
0	七心界
0	七百結集
0	七經
0	七賢
0	七金山
0	三世諸佛
0	三時
0	三時教判
0	三有為法
0	三清淨
0	三無性
0	三無性論
0	三無礙
0	三疏
0	三禪
0	三轉
0	三達
0	三階
0	下塵
0	不動如來
0	不即不離
0	不可說
0	不正見
0	不立文字
0	不自在
0	世友
0	世英
0	世語
0	中天竺
0	中臺
0	九僧
0	九地
0	九字名號
0	九部
0	了義燈
0	事
0	二執
0	二邊
0	五分戒本
0	五品
0	五境
0	五學處
0	五百羅漢
0	五聲
0	五輪塔
0	五部大乘經
0	亡者
0	人因
0	人相
0	伊蘭
0	伍官王
0	伽羅樹
0	住劫
0	佛三身讚
0	佛因
0	佛國記
0	佛地經論
0	佛道
0	作用
0	供佛
0	信力
0	修羅場
0	俱摩羅軌
0	像法決疑經
0	僧主
0	僧伽婆羅
0	僧伽羅
0	僧伽跋陀羅
0	僧堂
0	僧祇戒本
0	儀同三司
0	優婆離經
0	光讚經
0	入滅
0	兩河
0	八吉祥經
0	八大金剛
0	八宗
0	八部鬼眾
0	六如
0	六種阿羅漢
0	六足論
0	六門教授習定論
0	共變
0	出三藏記集
0	刀山
0	分別
0	分散
0	初禪
0	別業
0	別譯雜阿含經
0	利人
0	利樂
0	功德田
0	勒沙婆
0	勝論
0	十上經
0	十不二門
0	十住斷結經
0	十佛
0	十善業道經
0	十種仙
0	十行
0	千轉觀世音咒經
0	半晚
0	厭
0	厭離
0	受十善戒經
0	受想行識
0	可觀
0	吉祥
0	名句
0	名義
0	名言
0	呼畢勒罕
0	和伽羅那
0	和順
0	咒術
0	唯識三十論頌
0	善因
0	善慧
0	善果
0	喬答摩
0	器
0	四八相
0	四攝
0	四無礙解
0	四種金剛藏菩薩
0	四諦論
0	四鎮
0	因明正理門論
0	因緣觀
0	國土
0	圓仁
0	圓空
0	圓通
0	圓頓戒
0	在世
0	地婆訶羅
0	地界
0	地藏十輪經
0	地藏院
0	報恩
0	塗香
0	塢
0	壽者
0	外教
0	多子塔
0	多寶如來
0	多界經
0	大事
0	大元帥明王
0	大品般若經
0	大威德陀羅尼經
0	大寶積經
0	大念
0	大方廣佛華嚴經不思議佛境界分
0	大方等大集經
0	大明度經
0	大曼荼羅
0	大板
0	大樹緊那羅王所問經
0	大白衣
0	大興善寺
0	大般泥洹經
0	大般涅槃
0	大莊嚴論經
0	大覺金仙
0	大鐘
0	大集經
0	天台山方外志
0	天蓋
0	如意輪陀羅尼經
0	妙果
0	妙音菩薩
0	娑羅樹王
0	婆藪
0	學海
0	守門天
0	安遠
0	安陀會
0	宗令
0	宗學
0	定慧
0	寂然
0	密庵
0	密語
0	實化
0	寶如來三昧經
0	寶處菩薩
0	寶誌
0	寶輪
0	寺領
0	尊勝陀羅尼經
0	導師
0	小乘經
0	小豆粥
0	尸城
0	尸陀林
0	尼師壇
0	尼沙陀
0	居士傳
0	崑崙山
0	布教
0	布路沙
0	希運
0	常不輕菩薩
0	常住
0	度無極
0	康僧鎧
0	廁籌
0	建盞
0	建立
0	彌勒大成佛經
0	彌迦
0	從容錄
0	微塵
0	德慧
0	德風
0	心王
0	心田
0	心趣
0	念施
0	恩德
0	恭敬
0	悉多頞他
0	悉曇字記
0	悉達
0	惑
0	惡口
0	想念
0	想愛
0	意地
0	意密
0	意馬心猿
0	愛樂
0	愛金剛菩薩
0	慈父
0	慧命經
0	慧安
0	慧心
0	慧解
0	慧鍔
0	慳
0	憶
0	應感
0	懺法
0	成住壞空
0	我想
0	戒刀
0	戒行
0	戒賢
0	所緣
0	打成一片
0	扶疏
0	承遠
0	拜懺
0	掛絡
0	提婆犀那
0	提雲般若
0	插單
0	摩伽羅
0	摩訶
0	摩訶羅闍
0	摩訶薩埵
0	支婁迦讖
0	放光般若經
0	文殊師利所說摩訶般若波羅蜜經
0	文殊師利所說般若波羅蜜經
0	斯陀含果
0	施餓鬼
0	旃荼羅
0	旃陀利
0	日曜
0	日輪
0	明了論
0	明窗
0	星宿劫
0	時分
0	智光
0	智德
0	曇摩蜜多
0	更鼓
0	曼陀羅仙
0	月明菩薩經
0	有學
0	有無
0	木蘭色
0	末伽始羅
0	末羅
0	本來成佛
0	本經
0	本緣
0	柏庭
0	梵網戒品
0	楊枝
0	楞伽阿跋多羅寶經
0	業有
0	業果
0	業處
0	樂土
0	樹根
0	機緣
0	次第禪門
0	歌利王
0	正覺
0	毒龍
0	水輪三昧
0	永嘉集
0	永寧寺
0	求那跋陀羅
0	法侶
0	法寶壇經
0	法滅盡經
0	法華義疏
0	法鏡經
0	法顯傳
0	法鼓經
0	波夷羅
0	浴池
0	海東
0	涅哩底
0	涅槃論
0	淨源
0	淨瓶
0	淨肉
0	淨衣
0	深入
0	深密經
0	深法忍
0	清字經館
0	清涼
0	清涼寺
0	清涼山
0	減劫
0	溈山
0	溫宿
0	漁山
0	漏盡通
0	漸悟
0	漸頓教
0	澄觀
0	烏仗那
0	無作
0	無字
0	無性
0	無所有處定
0	無盡
0	無縫塔
0	燠
0	牛頭山
0	牢籠
0	牽連
0	犍陟
0	獲得
0	玉環
0	王仙
0	現世
0	現識
0	瑜祇經
0	甘露軍荼利明王
0	生滅
0	生般涅槃
0	異心
0	當頭
0	疏
0	病苦
0	痴人說夢
0	白足
0	百會
0	百目
0	皇覺寺
0	皮紙
0	盂蘭盆供
0	監院
0	相始教
0	真佛
0	眼根
0	眾生相
0	眾經目錄
0	睡眠蓋
0	瞻波國
0	瞿夷
0	瞿曇
0	石佛
0	石塔
0	石火
0	石象
0	破魔印明
0	福地
0	禪僧
0	禪教
0	禪門五宗
0	稽首
0	究羅檀頭經
0	空假中
0	空拳
0	空無邊處天
0	端嚴
0	等覺
0	紅教
0	結集
0	經生
0	經衣
0	維耶
0	維那
0	綺語
0	罪惡
0	罪業
0	羅預
0	義利
0	義疏
0	耶
0	聖教序
0	聖火
0	聖者
0	聽眾
0	胎藏界曼荼羅
0	臘
0	自愛
0	自歡喜經
0	舍利贊
0	般舟三昧經
0	般若十六善神
0	良忍
0	色心
0	苦果
0	苦苦
0	苦行林
0	苦陰經
0	茶湯
0	草堂
0	菩提資糧論
0	菩薩戒本
0	菩薩處胎經
0	華色
0	萬劫
0	萬燈會
0	萬行
0	蓮池
0	蔑戾車
0	藏教
0	藏經
0	融通念佛宗
0	螺髻
0	蟻術
0	表示
0	衰
0	觀所緣緣論
0	觀音洞
0	解脫相
0	言說
0	訶
0	訶陵
0	誦經
0	說教
0	說法
0	說罪要行法
0	調御師
0	諦觀
0	諸教決定名義論
0	諸法
0	講堂
0	護符
0	讀經
0	豐干
0	象鼻
0	貝多
0	貝葉
0	賓頭盧
0	賢劫十六尊
0	起世經
0	起尸鬼
0	身識
0	軍荼利明王
0	軟語
0	轉回
0	轉經
0	迦奢布羅
0	迦才
0	迦提
0	迦毘伽羅
0	迦毘羅神
0	迦羅阿育
0	迷倒
0	迷界
0	通夜
0	遍計所執性
0	過去莊嚴劫千佛名經
0	道樂
0	道綽
0	道緣
0	道號
0	道門
0	邊地
0	那羅延
0	酇
0	釋義
0	釋迦文
0	釋迦方志
0	釋迦譜
0	金剛不壞
0	金剛場陀羅尼經
0	金毘羅神
0	金粟如來
0	金精
0	針口鬼
0	鍵南
0	鏧
0	開元三大士
0	開元釋教錄
0	開壇
0	開山祖師
0	阿修羅界
0	阿呼地獄
0	阿彌陀種子
0	阿毘曇五法行經
0	阿毘目底
0	阿毘達磨界身足論
0	阿羅訶
0	阿耆尼達多
0	阿耨達
0	阿育王息壞目因緣經
0	阿落剎婆
0	阿跋摩羅
0	阿防羅剎
0	降龍伏虎
0	陪襯
0	陳那裂石
0	隨喜
0	雜修靜慮
0	雞舌香
0	雪山仙人
0	雲居山
0	雲門宗
0	靈谷寺
0	青頸觀音
0	靜慧
0	非二聚
0	頂禮
0	頗勒窶拏
0	題
0	顯宗論
0	顯揚聖教論
0	顯識論
0	飛行夜叉
0	香湯
0	香雲
0	馬鳴菩薩
0	髑髏
0	體性
0	鬘
0	鬼辯婆羅門
0	魚山
0	鳩那羅
0	鴦伽
0	鴿鬘
0	鹽官
0	龍勝
0	龍智
0	龍河